{
    "SceneName": "shovel_loading_26",
    "SceneType": "loading",
    "dt": 0.1,
    "CntVehicle": 0,
    "TrajSegmentInfo": [],
    "x_min": -34.0023537016427,
    "x_max": 751.147511349448,
    "y_min": -229.345925410047,
    "y_max": 379.365767719451,
    "max_t": 150,
    "goal": {
        "x": [
            531.8596217382421,
            538.608913640099,
            546.6620460229963,
            539.9127541211394
        ],
        "y": [
            -34.39849584720227,
            -30.103491909657038,
            -42.7584142256387,
            -47.053418163183935
        ],
        "head": [
            -1.0040671092713966
        ]
    },
    "ego_info": {
        "TrajSetToken": "ego",
        "VehicleShapeInfo": {
            "vehicle_type": "MineTruck_NTE200",
            "length": 13.4,
            "width": 6.7,
            "height": 6.9,
            "min_turn_radius": 14.2,
            "wheel_base": 5.6,
            "locationPoint2Head": 9.8,
            "locationPoint2Rear": 3.8
        },
        "start_states": {
            "x": 326.7010172,
            "y": -86.67354359,
            "yaw_rad": -0.897529848394125,
            "v_mps": 6,
            "yawrate_radps": 0,
            "acc_mpss": 0
        }
    }
}