{
    "SceneName": "shovel_loading_33",
    "SceneType": "loading",
    "dt": 0.1,
    "CntVehicle": 0,
    "TrajSegmentInfo": [],
    "x_min": -50.3858982372192,
    "x_max": 691.914696490056,
    "y_min": -863.263071671201,
    "y_max": -331.428010593255,
    "max_t": 150,
    "goal": {
        "x": [
            645.6184420951234,
            638.3079497061614,
            632.2158727153596,
            639.5263651043217
        ],
        "y": [
            -667.611789339825,
            -670.8608970682526,
            -657.1537238389487,
            -653.9046161105211
        ],
        "head": [
            -4.294164650805462
        ]
    },
    "ego_info": {
        "TrajSetToken": "ego",
        "VehicleShapeInfo": {
            "vehicle_type": "MineTruck_NTE200",
            "length": 13.4,
            "width": 6.7,
            "height": 6.9,
            "min_turn_radius": 14.2,
            "wheel_base": 5.6,
            "locationPoint2Head": 9.8,
            "locationPoint2Rear": 3.8
        },
        "start_states": {
            "x": 385.3593249,
            "y": -579.5810863,
            "yaw_rad": -0.348712473585215,
            "v_mps": 6,
            "yawrate_radps": 0,
            "acc_mpss": 0
        }
    }
}