{
    "SceneName": "shovel_loading_29",
    "SceneType": "loading",
    "dt": 0.1,
    "CntVehicle": 0,
    "TrajSegmentInfo": [],
    "x_min": -156.248801390175,
    "x_max": 342.819170616618,
    "y_min": -370.496462947322,
    "y_max": 427.256128669598,
    "max_t": 150,
    "goal": {
        "x": [
            93.07156509878746,
            93.07156509878746,
            78.07156509878746,
            78.07156509878746
        ],
        "y": [
            -36.721543736483,
            -44.721543736483,
            -44.721543736483,
            -36.721543736483
        ],
        "head": [
            -3.141592653589793
        ]
    },
    "ego_info": {
        "TrajSetToken": "ego",
        "VehicleShapeInfo": {
            "vehicle_type": "MineTruck_NTE200",
            "length": 13.4,
            "width": 6.7,
            "height": 6.9,
            "min_turn_radius": 14.2,
            "wheel_base": 5.6,
            "locationPoint2Head": 9.8,
            "locationPoint2Rear": 3.8
        },
        "start_states": {
            "x": -6.446336108,
            "y": 94.94551825,
            "yaw_rad": -1.48853559589894,
            "v_mps": 6,
            "yawrate_radps": 0,
            "acc_mpss": 0
        }
    }
}