{
    "SceneName": "shovel_loading_43",
    "SceneType": "loading",
    "dt": 0.1,
    "CntVehicle": 0,
    "TrajSegmentInfo": [],
    "x_min": -85.673532621538,
    "x_max": 370.54516906144,
    "y_min": -863.263071671201,
    "y_max": -600.0,
    "max_t": 150,
    "goal": {
        "x": [
            281.11520383728487,
            277.7321201146359,
            264.1393730147069,
            267.52245673735587
        ],
        "y": [
            -765.5640989690869,
            -772.8135640890491,
            -766.4702821090823,
            -759.2208169891201
        ],
        "head": [
            -3.5782198134033334
        ]
    },
    "ego_info": {
        "TrajSetToken": "ego",
        "VehicleShapeInfo": {
            "vehicle_type": "MineTruck_NTE200",
            "length": 13.4,
            "width": 6.7,
            "height": 6.9,
            "min_turn_radius": 14.2,
            "wheel_base": 5.6,
            "locationPoint2Head": 9.8,
            "locationPoint2Rear": 3.8
        },
        "start_states": {
            "x": 278.5849582,
            "y": -621.4348779,
            "yaw_rad": -2.29849239017562,
            "v_mps": 6,
            "yawrate_radps": 0,
            "acc_mpss": 0
        }
    }
}