{
    "SceneName": "shovel_loading_40",
    "SceneType": "loading",
    "dt": 0.1,
    "CntVehicle": 0,
    "TrajSegmentInfo": [],
    "x_min": -257.0706139168,
    "x_max": 356.682169839029,
    "y_min": -325.126647310341,
    "y_max": 402.050675537941,
    "max_t": 150,
    "goal": {
        "x": [
            32.341799775178785,
            35.21363240964975,
            21.21344831660386,
            18.341615682132897
        ],
        "y": [
            191.71668485576868,
            184.24992000614418,
            178.86523381651114,
            186.33199866613563
        ],
        "head": [
            -2.7744188197715727
        ]
    },
    "ego_info": {
        "TrajSetToken": "ego",
        "VehicleShapeInfo": {
            "vehicle_type": "MineTruck_NTE200",
            "length": 13.4,
            "width": 6.7,
            "height": 6.9,
            "min_turn_radius": 14.2,
            "wheel_base": 5.6,
            "locationPoint2Head": 9.8,
            "locationPoint2Rear": 3.8
        },
        "start_states": {
            "x": -27.6233983,
            "y": 306.8898996,
            "yaw_rad": -1.61719462912348,
            "v_mps": 6,
            "yawrate_radps": 0,
            "acc_mpss": 0
        }
    }
}