{
    "SceneName": "shovel_loading_32",
    "SceneType": "loading",
    "dt": 0.1,
    "CntVehicle": 0,
    "TrajSegmentInfo": [],
    "x_min": -257.0706139168,
    "x_max": 356.682169839029,
    "y_min": -325.126647310341,
    "y_max": 402.050675537941,
    "max_t": 150,
    "goal": {
        "x": [
            232.630223119304,
            234.73516236564092,
            220.26370504707495,
            218.15876580073802
        ],
        "y": [
            -194.41471581132376,
            -202.1328263812256,
            -206.0795874681073,
            -198.36147689820544
        ],
        "head": [
            -2.8753406044388643
        ]
    },
    "ego_info": {
        "TrajSetToken": "ego",
        "VehicleShapeInfo": {
            "vehicle_type": "MineTruck_NTE200",
            "length": 13.4,
            "width": 6.7,
            "height": 6.9,
            "min_turn_radius": 14.2,
            "wheel_base": 5.6,
            "locationPoint2Head": 9.8,
            "locationPoint2Rear": 3.8
        },
        "start_states": {
            "x": 1.261038933,
            "y": -116.1581284,
            "yaw_rad": -1.53377425783926,
            "v_mps": 6,
            "yawrate_radps": 0,
            "acc_mpss": 0
        }
    }
}