{
    "SceneName": "shovel_loading_27",
    "SceneType": "loading",
    "dt": 0.1,
    "CntVehicle": 0,
    "TrajSegmentInfo": [],
    "x_min": -86.9338052781209,
    "x_max": 390.709531566765,
    "y_min": -480.140184070026,
    "y_max": 297.448045041568,
    "max_t": 150,
    "goal": {
        "x": [
            271.98962614029637,
            273.30481803873914,
            258.50890918125697,
            257.1937172828142
        ],
        "y": [
            -265.480814208594,
            -273.3719655992511,
            -275.8379504088314,
            -267.94679901817426
        ],
        "head": [
            -2.9764439761751733
        ]
    },
    "ego_info": {
        "TrajSetToken": "ego",
        "VehicleShapeInfo": {
            "vehicle_type": "MineTruck_NTE200",
            "length": 13.4,
            "width": 6.7,
            "height": 6.9,
            "min_turn_radius": 14.2,
            "wheel_base": 5.6,
            "locationPoint2Head": 9.8,
            "locationPoint2Rear": 3.8
        },
        "start_states": {
            "x": 60.89093961,
            "y": -185.8482013,
            "yaw_rad": -0.353171048059128,
            "v_mps": 6,
            "yawrate_radps": 0,
            "acc_mpss": 0
        }
    }
}