{
    "SceneName": "shovel_loading_42",
    "SceneType": "loading",
    "dt": 0.1,
    "CntVehicle": 0,
    "TrajSegmentInfo": [],
    "x_min": -85.673532621538,
    "x_max": 864.572050441901,
    "y_min": -758.660441174827,
    "y_max": -212.96238087447,
    "max_t": 150,
    "goal": {
        "x": [
            727.5777500033886,
            722.3714190157408,
            710.9825699802614,
            716.1889009679091
        ],
        "y": [
            -615.3760176462578,
            -621.4500704651801,
            -611.6881998633405,
            -605.6141470444181
        ],
        "head": [
            -3.8502189257174697
        ]
    },
    "ego_info": {
        "TrajSetToken": "ego",
        "VehicleShapeInfo": {
            "vehicle_type": "MineTruck_NTE200",
            "length": 13.4,
            "width": 6.7,
            "height": 6.9,
            "min_turn_radius": 14.2,
            "wheel_base": 5.6,
            "locationPoint2Head": 9.8,
            "locationPoint2Rear": 3.8
        },
        "start_states": {
            "x": 355.2118579,
            "y": -568.8545304,
            "yaw_rad": -0.334959418705839,
            "v_mps": 6,
            "yawrate_radps": 0,
            "acc_mpss": 0
        }
    }
}