{
    "SceneName": "shovel_loading_39",
    "SceneType": "loading",
    "dt": 0.1,
    "CntVehicle": 0,
    "TrajSegmentInfo": [],
    "x_min": -57.9475341767161,
    "x_max": 347.860261242949,
    "y_min": -483.921002039775,
    "y_max": 320.132952860059,
    "max_t": 150,
    "goal": {
        "x": [
            217.18119640878422,
            223.07842953039017,
            212.94256010263,
            207.04532698102406
        ],
        "y": [
            -165.07689309321336,
            -170.4826901213521,
            -181.54000222436326,
            -176.1342051962245
        ],
        "head": [
            -2.3127435948008097
        ]
    },
    "ego_info": {
        "TrajSetToken": "ego",
        "VehicleShapeInfo": {
            "vehicle_type": "MineTruck_NTE200",
            "length": 13.4,
            "width": 6.7,
            "height": 6.9,
            "min_turn_radius": 14.2,
            "wheel_base": 5.6,
            "locationPoint2Head": 9.8,
            "locationPoint2Rear": 3.8
        },
        "start_states": {
            "x": 32.14997369,
            "y": -171.897372,
            "yaw_rad": -0.551466548993989,
            "v_mps": 6,
            "yawrate_radps": 0,
            "acc_mpss": 0
        }
    }
}