{
    "SceneName": "shovel_loading_48",
    "SceneType": "loading",
    "dt": 0.1,
    "CntVehicle": 0,
    "TrajSegmentInfo": [],
    "x_min": -97.0159865307833,
    "x_max": 137.39472759362,
    "y_min": -258.332196511452,
    "y_max": 373.064404436537,
    "max_t": 150,
    "goal": {
        "x": [
            57.650904128112785,
            60.72782720503582,
            46.88167335888194,
            43.8047502819589
        ],
        "y": [
            5.3235132460912045,
            -2.0611021385241997,
            -7.830332907754881,
            -0.4457175231394781
        ],
        "head": [
            -2.746801533890038
        ]
    },
    "ego_info": {
        "TrajSetToken": "ego",
        "VehicleShapeInfo": {
            "vehicle_type": "MineTruck_NTE200",
            "length": 13.4,
            "width": 6.7,
            "height": 6.9,
            "min_turn_radius": 14.2,
            "wheel_base": 5.6,
            "locationPoint2Head": 9.8,
            "locationPoint2Rear": 3.8
        },
        "start_states": {
            "x": -21.48216225,
            "y": 228.0519485,
            "yaw_rad": -1.451213457721,
            "v_mps": 6,
            "yawrate_radps": 0,
            "acc_mpss": 0
        }
    }
}