{
    "SceneName": "shovel_loading_36",
    "SceneType": "loading",
    "dt": 0.1,
    "CntVehicle": 0,
    "TrajSegmentInfo": [],
    "x_min": 113.867072636361,
    "x_max": 810.655394148531,
    "y_min": -735.58754509193,
    "y_max": -456.249156885114,
    "max_t": 150,
    "goal": {
        "x": [
            711.288418678285,
            704.778550908631,
            696.0599780028446,
            702.5698457724985
        ],
        "y": [
            -648.2761807414453,
            -652.926086291198,
            -640.720084223097,
            -636.0701786733443
        ],
        "head": [
            -4.092139494401863
        ]
    },
    "ego_info": {
        "TrajSetToken": "ego",
        "VehicleShapeInfo": {
            "vehicle_type": "MineTruck_NTE200",
            "length": 13.4,
            "width": 6.7,
            "height": 6.9,
            "min_turn_radius": 14.2,
            "wheel_base": 5.6,
            "locationPoint2Head": 9.8,
            "locationPoint2Rear": 3.8
        },
        "start_states": {
            "x": 350.6692107,
            "y": -566.9227815,
            "yaw_rad": -0.42154783659912,
            "v_mps": 6,
            "yawrate_radps": 0,
            "acc_mpss": 0
        }
    }
}