{
    "SceneName": "shovel_loading_28",
    "SceneType": "loading",
    "dt": 0.1,
    "CntVehicle": 0,
    "TrajSegmentInfo": [],
    "x_min": -59.207806833298,
    "x_max": 453.723164395905,
    "y_min": -844.358981822459,
    "y_max": -323.866374653758,
    "max_t": 150,
    "goal": {
        "x": [
            123.41226898177074,
            116.94238030734523,
            125.76495577247097,
            132.23484444689646
        ],
        "y": [
            -786.7885080642642,
            -782.0831344828638,
            -769.952093218316,
            -774.6574667997164
        ],
        "head": [
            0.9420000403794601
        ]
    },
    "ego_info": {
        "TrajSetToken": "ego",
        "VehicleShapeInfo": {
            "vehicle_type": "MineTruck_NTE200",
            "length": 13.4,
            "width": 6.7,
            "height": 6.9,
            "min_turn_radius": 14.2,
            "wheel_base": 5.6,
            "locationPoint2Head": 9.8,
            "locationPoint2Rear": 3.8
        },
        "start_states": {
            "x": 249.7393099,
            "y": -552.1998172,
            "yaw_rad": 0.0431096538172768,
            "v_mps": 6,
            "yawrate_radps": 0,
            "acc_mpss": 0
        }
    }
}