{
    "SceneName": "shovel_loading_45",
    "SceneType": "loading",
    "dt": 0.1,
    "CntVehicle": 0,
    "TrajSegmentInfo": [],
    "x_min": -78.1118966820411,
    "x_max": 357.942442495612,
    "y_min": -840.0,
    "y_max": -388.140280139481,
    "max_t": 150,
    "goal": {
        "x": [
            212.2245299589151,
            204.3175563777102,
            202.036698613901,
            209.9436721951059
        ],
        "y": [
            -804.1569121958761,
            -805.3733696699077,
            -790.5477942051484,
            -789.3313367311168
        ],
        "head": [
            -4.55973965198942
        ]
    },
    "ego_info": {
        "TrajSetToken": "ego",
        "VehicleShapeInfo": {
            "vehicle_type": "MineTruck_NTE200",
            "length": 13.4,
            "width": 6.7,
            "height": 6.9,
            "min_turn_radius": 14.2,
            "wheel_base": 5.6,
            "locationPoint2Head": 9.8,
            "locationPoint2Rear": 3.8
        },
        "start_states": {
            "x": 245.2474928,
            "y": -552.4325427,
            "yaw_rad": 0.0523598775598299,
            "v_mps": 6,
            "yawrate_radps": 0,
            "acc_mpss": 0
        }
    }
}