{
    "SceneName": "shovel_loading_46",
    "SceneType": "loading",
    "dt": 0.1,
    "CntVehicle": 0,
    "TrajSegmentInfo": [],
    "x_min": 70.6212989164415,
    "x_max": 490.0,
    "y_min": -905.614197664752,
    "y_max": -455.97285159207,
    "max_t": 150,
    "goal": {
        "x": [
            282.71713750879246,
            286.29484627279214,
            272.8784384077934,
            269.3007296437937
        ],
        "y": [
            -718.1760435599697,
            -725.331461087969,
            -732.0396650204684,
            -724.8842474924691
        ],
        "head": [
            -2.677945044588987
        ]
    },
    "ego_info": {
        "TrajSetToken": "ego",
        "VehicleShapeInfo": {
            "vehicle_type": "MineTruck_NTE200",
            "length": 13.4,
            "width": 6.7,
            "height": 6.9,
            "min_turn_radius": 14.2,
            "wheel_base": 5.6,
            "locationPoint2Head": 9.8,
            "locationPoint2Rear": 3.8
        },
        "start_states": {
            "x": 249.7393099,
            "y": -552.1998172,
            "yaw_rad": 0.0431096538172768,
            "v_mps": 6,
            "yawrate_radps": 0,
            "acc_mpss": 0
        }
    }
}