{
    "SceneName": "shovel_loading_49",
    "SceneType": "loading",
    "dt": 0.1,
    "CntVehicle": 0,
    "TrajSegmentInfo": [],
    "x_min": 20.1893705314183,
    "x_max": 694.435241803222,
    "y_min": -194.058291025728,
    "y_max": 257.119320030918,
    "max_t": 150,
    "goal": {
        "x": [
            457.8650018135552,
            463.5218560630476,
            452.9152543452494,
            447.258400095757
        ],
        "y": [
            -54.834216327843386,
            -60.49107057733577,
            -71.09767229513398,
            -65.4408180456416
        ],
        "head": [
            -2.356194490192345
        ]
    },
    "ego_info": {
        "TrajSetToken": "ego",
        "VehicleShapeInfo": {
            "vehicle_type": "MineTruck_NTE200",
            "length": 13.4,
            "width": 6.7,
            "height": 6.9,
            "min_turn_radius": 14.2,
            "wheel_base": 5.6,
            "locationPoint2Head": 9.8,
            "locationPoint2Rear": 3.8
        },
        "start_states": {
            "x": 164.4996891,
            "y": 115.072587,
            "yaw_rad": -0.898968446502057,
            "v_mps": 6,
            "yawrate_radps": 0,
            "acc_mpss": 0
        }
    }
}