{
    "SceneName": "shovel_loading_31",
    "SceneType": "loading",
    "dt": 0.1,
    "CntVehicle": 0,
    "TrajSegmentInfo": [],
    "x_min": -85.673532621538,
    "x_max": 864.572050441901,
    "y_min": -758.660441174827,
    "y_max": -212.96238087447,
    "max_t": 150,
    "goal": {
        "x": [
            752.0803440553352,
            752.0803440553352,
            737.0803440553352,
            737.0803440553352
        ],
        "y": [
            -529.707545475186,
            -537.707545475186,
            -537.707545475186,
            -529.707545475186
        ],
        "head": [
            -3.141592653589793
        ]
    },
    "ego_info": {
        "TrajSetToken": "ego",
        "VehicleShapeInfo": {
            "vehicle_type": "MineTruck_NTE200",
            "length": 13.4,
            "width": 6.7,
            "height": 6.9,
            "min_turn_radius": 14.2,
            "wheel_base": 5.6,
            "locationPoint2Head": 9.8,
            "locationPoint2Rear": 3.8
        },
        "start_states": {
            "x": 393.9443473,
            "y": -582.721459,
            "yaw_rad": -0.352642984731303,
            "v_mps": 6,
            "yawrate_radps": 0,
            "acc_mpss": 0
        }
    }
}