{
    "SceneName": "shovel_loading_47",
    "SceneType": "loading",
    "dt": 0.1,
    "CntVehicle": 0,
    "TrajSegmentInfo": [],
    "x_min": 70.0,
    "x_max": 850.0,
    "y_min": -200.0,
    "y_max": 250.0,
    "max_t": 150,
    "goal": {
        "x": [
            473.3372531889736,
            478.5435841766214,
            489.9324332121007,
            484.7261022244529
        ],
        "y": [
            -65.78199977688276,
            -59.70794695796045,
            -69.46981755980013,
            -75.54387037872243
        ],
        "head": [
            -0.7086262721276829
        ]
    },
    "ego_info": {
        "TrajSetToken": "ego",
        "VehicleShapeInfo": {
            "vehicle_type": "MineTruck_NTE200",
            "length": 13.4,
            "width": 6.7,
            "height": 6.9,
            "min_turn_radius": 14.2,
            "wheel_base": 5.6,
            "locationPoint2Head": 9.8,
            "locationPoint2Rear": 3.8
        },
        "start_states": {
            "x": 240.7938228,
            "y": 16.41737272,
            "yaw_rad": -0.968089185126369,
            "v_mps": 6,
            "yawrate_radps": 0,
            "acc_mpss": 0
        }
    }
}