{
    "SceneName": "shovel_loading_38",
    "SceneType": "loading",
    "dt": 0.1,
    "CntVehicle": 0,
    "TrajSegmentInfo": [],
    "x_min": -74.642016716297,
    "x_max": 510.124487665397,
    "y_min": -604.8601642828337,
    "y_max": 3.80452775073024,
    "max_t": 150,
    "goal": {
        "x": [
            290.1169766859885,
            289.0596669252604,
            274.1912484150209,
            275.248558175749
        ],
        "y": [
            -299.3436777334053,
            -307.27350093886633,
            -305.291045137501,
            -297.36122193203994
        ],
        "head": [
            -3.274144185886471
        ]
    },
    "ego_info": {
        "TrajSetToken": "ego",
        "VehicleShapeInfo": {
            "vehicle_type": "MineTruck_NTE200",
            "length": 13.4,
            "width": 6.7,
            "height": 6.9,
            "min_turn_radius": 14.2,
            "wheel_base": 5.6,
            "locationPoint2Head": 9.8,
            "locationPoint2Rear": 3.8
        },
        "start_states": {
            "x": 81.96571281,
            "y": -191.2865357,
            "yaw_rad": -0.222760084747355,
            "v_mps": 6,
            "yawrate_radps": 0,
            "acc_mpss": 0
        }
    }
}